ID,Pred
2022_3107_3110,0.36946434357755453
2022_3107_3112,0.0
2022_3107_3116,0.21400000000000002
2022_3107_3124,0.0
2022_3107_3125,0.21400000000000002
2022_3107_3138,0.21400000000000002
2022_3107_3140,0.0
2022_3107_3150,0.31926709282697485
2022_3107_3160,0.0
2022_3107_3163,0.0
2022_3107_3166,0.21400000000000002
2022_3107_3173,0.21400000000000002
2022_3107_3174,0.21400000000000002
2022_3107_3177,0.21400000000000002
2022_3107_3193,0.21400000000000002
2022_3107_3195,0.21400000000000002
2022_3107_3196,0.21400000000000002
2022_3107_3199,0.21400000000000002
2022_3107_3208,0.0
2022_3107_3210,0.21400000000000002
2022_3107_3211,0.21400000000000002
2022_3107_3218,0.3869731539918193
2022_3107_3224,0.6148175476214661
2022_3107_3229,0.3259675681695885
2022_3107_3230,0.6544513311383693
2022_3107_3231,0.0
2022_3107_3234,0.0
2022_3107_3235,0.0
2022_3107_3237,0.2145954750980122
2022_3107_3238,0.21400000000000002
2022_3107_3242,0.0
2022_3107_3243,0.21400000000000002
2022_3107_3246,0.0
2022_3107_3255,0.6093419386949949
2022_3107_3257,0.0
2022_3107_3261,0.0
2022_3107_3268,0.0
2022_3107_3269,0.21400000000000002
2022_3107_3273,0.39911301126182985
2022_3107_3274,0.0
2022_3107_3276,0.0
2022_3107_3279,0.0
2022_3107_3283,0.21400000000000002
2022_3107_3286,0.4144153754692286
2022_3107_3291,0.6796792967515647
2022_3107_3301,0.0
2022_3107_3304,0.0
2022_3107_3314,0.0
2022_3107_3323,0.0
2022_3107_3326,0.0
2022_3107_3328,0.0
2022_3107_3332,0.0
2022_3107_3343,0.21400000000000002
2022_3107_3372,0.21400000000000002
2022_3107_3376,0.0
2022_3107_3377,0.21400000000000002
2022_3107_3378,0.21400000000000002
2022_3107_3390,0.0
2022_3107_3397,0.0
2022_3107_3400,0.0
2022_3107_3416,0.0
2022_3107_3424,0.21400000000000002
2022_3107_3426,0.23105412100512987
2022_3107_3428,0.0
2022_3107_3437,0.21400000000000002
2022_3107_3439,0.0
2022_3107_3450,0.0
2022_3110_3112,0.0
2022_3110_3116,0.21400000000000002
2022_3110_3124,0.0
2022_3110_3125,0.21400000000000002
2022_3110_3138,0.21400000000000002
2022_3110_3140,0.0
2022_3110_3150,0.3443418031397263
2022_3110_3160,0.0
2022_3110_3163,0.0
2022_3110_3166,0.21400000000000002
2022_3110_3173,0.21400000000000002
2022_3110_3174,0.21400000000000002
2022_3110_3177,0.21400000000000002
2022_3110_3193,0.3233347989203955
2022_3110_3195,0.21400000000000002
2022_3110_3196,0.21400000000000002
2022_3110_3199,0.21400000000000002
2022_3110_3208,0.0
2022_3110_3210,0.21400000000000002
2022_3110_3211,0.21400000000000002
2022_3110_3218,0.5751465553029934
2022_3110_3224,0.6363176399193178
2022_3110_3229,0.517501648831209
2022_3110_3230,0.680109400008619
2022_3110_3231,0.0
2022_3110_3234,0.0
2022_3110_3235,0.0
2022_3110_3237,0.21400000000000002
2022_3110_3238,0.24809128928419782
2022_3110_3242,0.0
2022_3110_3243,0.21400000000000002
2022_3110_3246,0.0
2022_3110_3255,0.6214742580867155
2022_3110_3257,0.0
2022_3110_3261,0.0
2022_3110_3268,0.0
2022_3110_3269,0.21400000000000002
2022_3110_3273,0.5932693896506777
2022_3110_3274,0.0
2022_3110_3276,0.0
2022_3110_3279,0.0
2022_3110_3283,0.21400000000000002
2022_3110_3286,0.4609675966914419
2022_3110_3291,0.6982830093544706
2022_3110_3301,0.0
2022_3110_3304,0.0
2022_3110_3314,0.0
2022_3110_3323,0.0
2022_3110_3326,0.0
2022_3110_3328,0.0
2022_3110_3332,0.0
2022_3110_3343,0.21400000000000002
2022_3110_3372,0.21400000000000002
2022_3110_3376,0.0
2022_3110_3377,0.21400000000000002
2022_3110_3378,0.21400000000000002
2022_3110_3390,0.0
2022_3110_3397,0.0
2022_3110_3400,0.0
2022_3110_3416,0.0
2022_3110_3424,0.21400000000000002
2022_3110_3426,0.2718639044243165
2022_3110_3428,0.0
2022_3110_3437,0.21400000000000002
2022_3110_3439,0.0
2022_3110_3450,0.0
2022_3112_3116,0.6948490186922984
2022_3112_3124,0.4555008430792329
2022_3112_3125,0.786
2022_3112_3138,0.786
2022_3112_3140,0.5908230287647411
2022_3112_3150,1.0
2022_3112_3160,0.786
2022_3112_3163,0.2718023130060676
2022_3112_3166,0.6667930453572403
2022_3112_3173,0.786
2022_3112_3174,0.786
2022_3112_3177,0.786
2022_3112_3193,1.0
2022_3112_3195,0.786
2022_3112_3196,0.786
2022_3112_3199,0.786
2022_3112_3208,0.7381837373807334
2022_3112_3210,0.7539435539984085
2022_3112_3211,0.7472156237323322
2022_3112_3218,1.0
2022_3112_3224,1.0
2022_3112_3229,1.0
2022_3112_3230,1.0
2022_3112_3231,0.42906467328616715
2022_3112_3234,0.5918441375841719
2022_3112_3235,0.48355345933750027
2022_3112_3237,0.786
2022_3112_3238,1.0
2022_3112_3242,0.786
2022_3112_3243,0.7579897182487099
2022_3112_3246,0.7021028446354662
2022_3112_3255,1.0
2022_3112_3257,0.502695238344057
2022_3112_3261,0.4700982451099606
2022_3112_3268,0.5233703416632098
2022_3112_3269,0.7098162327383376
2022_3112_3273,1.0
2022_3112_3274,0.786
2022_3112_3276,0.5472400567743088
2022_3112_3279,0.7163366897301431
2022_3112_3283,0.786
2022_3112_3286,1.0
2022_3112_3291,1.0
2022_3112_3301,0.21400000000000002
2022_3112_3304,0.5909886560589106
2022_3112_3314,0.5519051623797616
2022_3112_3323,0.6587703084629049
2022_3112_3326,0.5987704650017286
2022_3112_3328,0.7253494110310881
2022_3112_3332,0.5603132889057042
2022_3112_3343,0.6519455635305602
2022_3112_3372,0.786
2022_3112_3376,0.21400000000000002
2022_3112_3377,0.7173277472003987
2022_3112_3378,0.786
2022_3112_3390,0.21400000000000002
2022_3112_3397,0.6693525582086997
2022_3112_3400,0.3768579087492041
2022_3112_3416,0.7124831031979186
2022_3112_3424,0.786
2022_3112_3426,1.0
2022_3112_3428,0.6706876560677897
2022_3112_3437,0.7765412190796027
2022_3112_3439,0.6746486854011211
2022_3112_3450,0.786
2022_3116_3124,0.2537993837087053
2022_3116_3125,0.7731277079624282
2022_3116_3138,0.7225142935743646
2022_3116_3140,0.21400000000000002
2022_3116_3150,0.786
2022_3116_3160,0.6224312130491667
2022_3116_3163,0.0
2022_3116_3166,0.4567356975818653
2022_3116_3173,0.6584219647823533
2022_3116_3174,0.7306087332054096
2022_3116_3177,0.6494552995173533
2022_3116_3193,0.786
2022_3116_3195,0.6339421804695313
2022_3116_3196,0.6512542900015961
2022_3116_3199,0.786
2022_3116_3208,0.44867851527863145
2022_3116_3210,0.5280157796277889
2022_3116_3211,0.45420824061968695
2022_3116_3218,0.786
2022_3116_3224,0.786
2022_3116_3229,0.786
2022_3116_3230,0.786
2022_3116_3231,0.23784273038614892
2022_3116_3234,0.351708293311187
2022_3116_3235,0.28438602036123145
2022_3116_3237,0.7788560218037427
2022_3116_3238,0.786
2022_3116_3242,0.0
2022_3116_3243,0.5303079051690546
2022_3116_3246,0.400872365278493
2022_3116_3255,0.786
2022_3116_3257,0.0
2022_3116_3261,0.27644755286512396
2022_3116_3268,0.2562142337714354
2022_3116_3269,0.5365284733795261
2022_3116_3273,0.786
2022_3116_3274,0.0
2022_3116_3276,0.31451841972238836
2022_3116_3279,0.4765352036929917
2022_3116_3283,0.7373919196836255
2022_3116_3286,0.786
2022_3116_3291,0.786
2022_3116_3301,0.0
2022_3116_3304,0.0
2022_3116_3314,0.22437982400692932
2022_3116_3323,0.36433755856698574
2022_3116_3326,0.3152309629652798
2022_3116_3328,0.44895758746694703
2022_3116_3332,0.26482292719139944
2022_3116_3343,0.42577891608942586
2022_3116_3372,0.7708073671479398
2022_3116_3376,0.0
2022_3116_3377,0.5160089806632625
2022_3116_3378,0.566161076435123
2022_3116_3390,0.0
2022_3116_3397,0.3450771885163184
2022_3116_3400,0.21400000000000002
2022_3116_3416,0.3686261574691345
2022_3116_3424,0.7772654054554279
2022_3116_3426,0.786
2022_3116_3428,0.453504636907788
2022_3116_3437,0.639289943777841
2022_3116_3439,0.3683203892177763
2022_3116_3450,0.0
2022_3124_3125,1.0
2022_3124_3138,1.0
2022_3124_3140,0.5665275273492248
2022_3124_3150,1.0
2022_3124_3160,0.786
2022_3124_3163,0.2515300175180687
2022_3124_3166,0.6448338240586203
2022_3124_3173,1.0
2022_3124_3174,1.0
2022_3124_3177,1.0
2022_3124_3193,1.0
2022_3124_3195,1.0
2022_3124_3196,0.786
2022_3124_3199,1.0
2022_3124_3208,0.7044944385760669
2022_3124_3210,0.7512353064348118
2022_3124_3211,0.7046161928940906
2022_3124_3218,1.0
2022_3124_3224,1.0
2022_3124_3229,1.0
2022_3124_3230,1.0
2022_3124_3231,0.520282510113804
2022_3124_3234,0.5957798722893226
2022_3124_3235,0.5902729700009223
2022_3124_3237,1.0
2022_3124_3238,1.0
2022_3124_3242,0.786
2022_3124_3243,0.7830219703025559
2022_3124_3246,0.7134763262716289
2022_3124_3255,1.0
2022_3124_3257,0.4187699266553513
2022_3124_3261,0.5453416772175831
2022_3124_3268,0.534530131164093
2022_3124_3269,1.0
2022_3124_3273,1.0
2022_3124_3274,0.786
2022_3124_3276,0.62162585994668
2022_3124_3279,0.6930516429357049
2022_3124_3283,1.0
2022_3124_3286,1.0
2022_3124_3291,1.0
2022_3124_3301,0.21400000000000002
2022_3124_3304,0.5479284481186241
2022_3124_3314,0.5051011731208422
2022_3124_3323,0.6098190092223679
2022_3124_3326,0.5725450862877148
2022_3124_3328,0.7245801382098433
2022_3124_3332,0.5219114683195223
2022_3124_3343,1.0
2022_3124_3372,1.0
2022_3124_3376,0.21400000000000002
2022_3124_3377,0.686128501018832
2022_3124_3378,0.786
2022_3124_3390,0.21400000000000002
2022_3124_3397,0.6779032745387576
2022_3124_3400,0.3578146473772982
2022_3124_3416,0.6790200182562091
2022_3124_3424,1.0
2022_3124_3426,1.0
2022_3124_3428,0.6837991226501593
2022_3124_3437,1.0
2022_3124_3439,0.6239152752022722
2022_3124_3450,0.786
2022_3125_3138,0.49624686727140227
2022_3125_3140,0.0
2022_3125_3150,0.7056434478835353
2022_3125_3160,0.0
2022_3125_3163,0.0
2022_3125_3166,0.21400000000000002
2022_3125_3173,0.2604315756916528
2022_3125_3174,0.47946629117450945
2022_3125_3177,0.21400000000000002
2022_3125_3193,0.6045877639529335
2022_3125_3195,0.3329163666843516
2022_3125_3196,0.27719344739828494
2022_3125_3199,0.3534338852856728
2022_3125_3208,0.0
2022_3125_3210,0.21779843599591744
2022_3125_3211,0.21736455071630706
2022_3125_3218,0.786
2022_3125_3224,0.786
2022_3125_3229,0.7739486657508563
2022_3125_3230,0.786
2022_3125_3231,0.0
2022_3125_3234,0.0
2022_3125_3235,0.0
2022_3125_3237,0.572731447018695
2022_3125_3238,0.6386185145413241
2022_3125_3242,0.0
2022_3125_3243,0.21400000000000002
2022_3125_3246,0.0
2022_3125_3255,0.786
2022_3125_3257,0.0
2022_3125_3261,0.0
2022_3125_3268,0.21400000000000002
2022_3125_3269,0.22937249278607622
2022_3125_3273,0.786
2022_3125_3274,0.0
2022_3125_3276,0.0
2022_3125_3279,0.0
2022_3125_3283,0.30346721788721015
2022_3125_3286,0.7741968896010627
2022_3125_3291,0.786
2022_3125_3301,0.0
2022_3125_3304,0.0
2022_3125_3314,0.21400000000000002
2022_3125_3323,0.21400000000000002
2022_3125_3326,0.0
2022_3125_3328,0.21631578269753385
2022_3125_3332,0.21400000000000002
2022_3125_3343,0.21400000000000002
2022_3125_3372,0.4799181482672735
2022_3125_3376,0.0
2022_3125_3377,0.21400000000000002
2022_3125_3378,0.2603563714464892
2022_3125_3390,0.0
2022_3125_3397,0.21400000000000002
2022_3125_3400,0.0
2022_3125_3416,0.0
2022_3125_3424,0.572580659600175
2022_3125_3426,0.628594900779596
2022_3125_3428,0.0
2022_3125_3437,0.21400000000000002
2022_3125_3439,0.21400000000000002
2022_3125_3450,0.0
2022_3138_3140,0.0
2022_3138_3150,0.7071776470736063
2022_3138_3160,0.0
2022_3138_3163,0.0
2022_3138_3166,0.22676227664591092
2022_3138_3173,0.3715661354883677
2022_3138_3174,0.45810144100437655
2022_3138_3177,0.2707917996800518
2022_3138_3193,0.6177500521863928
2022_3138_3195,0.3330139718980893
2022_3138_3196,0.34927264817747156
2022_3138_3199,0.4184465968183641
2022_3138_3208,0.0
2022_3138_3210,0.2764687234232566
2022_3138_3211,0.24532394146833866
2022_3138_3218,0.786
2022_3138_3224,0.786
2022_3138_3229,0.7721526533271554
2022_3138_3230,0.786
2022_3138_3231,0.0
2022_3138_3234,0.0
2022_3138_3235,0.0
2022_3138_3237,0.5130487743160973
2022_3138_3238,0.6722394206840763
2022_3138_3242,0.0
2022_3138_3243,0.2798626098652173
2022_3138_3246,0.0
2022_3138_3255,0.786
2022_3138_3257,0.0
2022_3138_3261,0.0
2022_3138_3268,0.21400000000000002
2022_3138_3269,0.2312428034977269
2022_3138_3273,0.786
2022_3138_3274,0.0
2022_3138_3276,0.0
2022_3138_3279,0.0
2022_3138_3283,0.42268380852956505
2022_3138_3286,0.7655913537746479
2022_3138_3291,0.786
2022_3138_3301,0.0
2022_3138_3304,0.0
2022_3138_3314,0.0
2022_3138_3323,0.0
2022_3138_3326,0.0
2022_3138_3328,0.2253289382460611
2022_3138_3332,0.0
2022_3138_3343,0.21400000000000002
2022_3138_3372,0.4277819365048258
2022_3138_3376,0.0
2022_3138_3377,0.25147827041039705
2022_3138_3378,0.3191356181941406
2022_3138_3390,0.0
2022_3138_3397,0.21400000000000002
2022_3138_3400,0.0
2022_3138_3416,0.0
2022_3138_3424,0.5477988379476431
2022_3138_3426,0.6622655988046511
2022_3138_3428,0.0
2022_3138_3437,0.27817826979839405
2022_3138_3439,0.0
2022_3138_3450,0.0
2022_3140_3150,1.0
2022_3140_3160,0.786
2022_3140_3163,0.0
2022_3140_3166,0.7104039456086276
2022_3140_3173,0.786
2022_3140_3174,1.0
2022_3140_3177,0.7844864014940723
2022_3140_3193,1.0
2022_3140_3195,1.0
2022_3140_3196,0.786
2022_3140_3199,0.786
2022_3140_3208,0.6588761637731195
2022_3140_3210,0.7742767768585093
2022_3140_3211,0.7439103212586936
2022_3140_3218,1.0
2022_3140_3224,1.0
2022_3140_3229,1.0
2022_3140_3230,1.0
2022_3140_3231,0.3901486401602079
2022_3140_3234,0.4857010871194209
2022_3140_3235,0.4555070706864962
2022_3140_3237,1.0
2022_3140_3238,1.0
2022_3140_3242,0.786
2022_3140_3243,0.769379238038375
2022_3140_3246,0.6050834264830594
2022_3140_3255,1.0
2022_3140_3257,0.0
2022_3140_3261,0.4291709403663083
2022_3140_3268,0.3944400436102817
2022_3140_3269,1.0
2022_3140_3273,1.0
2022_3140_3274,0.786
2022_3140_3276,0.5190659592039857
2022_3140_3279,0.7161394622144708
2022_3140_3283,0.786
2022_3140_3286,1.0
2022_3140_3291,1.0
2022_3140_3301,0.0
2022_3140_3304,0.5594004338933041
2022_3140_3314,0.3407987289636062
2022_3140_3323,0.47923586476069974
2022_3140_3326,0.4626234051157786
2022_3140_3328,0.5898441932382216
2022_3140_3332,0.37418915703689304
2022_3140_3343,0.6540688493486148
2022_3140_3372,1.0
2022_3140_3376,0.0
2022_3140_3377,0.7360462713909665
2022_3140_3378,0.786
2022_3140_3390,0.0
2022_3140_3397,0.5651592779384506
2022_3140_3400,0.2840882746478758
2022_3140_3416,0.7403572057650785
2022_3140_3424,1.0
2022_3140_3426,1.0
2022_3140_3428,0.6780394050359192
2022_3140_3437,0.786
2022_3140_3439,0.5006745199758909
2022_3140_3450,0.786
2022_3150_3160,0.0
2022_3150_3163,0.0
2022_3150_3166,0.21400000000000002
2022_3150_3173,0.21400000000000002
2022_3150_3174,0.21400000000000002
2022_3150_3177,0.21400000000000002
2022_3150_3193,0.35579198575320586
2022_3150_3195,0.21400000000000002
2022_3150_3196,0.21400000000000002
2022_3150_3199,0.22219733617911133
2022_3150_3208,0.0
2022_3150_3210,0.21400000000000002
2022_3150_3211,0.21400000000000002
2022_3150_3218,0.6101461751461541
2022_3150_3224,0.6630704426317656
2022_3150_3229,0.5485880717329573
2022_3150_3230,0.7136514737734558
2022_3150_3231,0.0
2022_3150_3234,0.0
2022_3150_3235,0.0
2022_3150_3237,0.23568811444803917
2022_3150_3238,0.31288740265869225
2022_3150_3242,0.0
2022_3150_3243,0.21400000000000002
2022_3150_3246,0.0
2022_3150_3255,0.6437821768269433
2022_3150_3257,0.0
2022_3150_3261,0.0
2022_3150_3268,0.0
2022_3150_3269,0.21400000000000002
2022_3150_3273,0.6295969739903423
2022_3150_3274,0.0
2022_3150_3276,0.0
2022_3150_3279,0.0
2022_3150_3283,0.21885933528044194
2022_3150_3286,0.513797465419546
2022_3150_3291,0.7225766804380928
2022_3150_3301,0.0
2022_3150_3304,0.0
2022_3150_3314,0.0
2022_3150_3323,0.0
2022_3150_3326,0.0
2022_3150_3328,0.0
2022_3150_3332,0.0
2022_3150_3343,0.21400000000000002
2022_3150_3372,0.21400000000000002
2022_3150_3376,0.0
2022_3150_3377,0.21400000000000002
2022_3150_3378,0.21400000000000002
2022_3150_3390,0.0
2022_3150_3397,0.0
2022_3150_3400,0.0
2022_3150_3416,0.0
2022_3150_3424,0.22746738983270198
2022_3150_3426,0.35545684124751464
2022_3150_3428,0.0
2022_3150_3437,0.21400000000000002
2022_3150_3439,0.0
2022_3150_3450,0.0
2022_3160_3163,0.0
2022_3160_3166,0.3516988303945084
2022_3160_3173,0.5500952350847521
2022_3160_3174,1.0
2022_3160_3177,0.5364024655924197
2022_3160_3193,1.0
2022_3160_3195,1.0
2022_3160_3196,0.5151737233938531
2022_3160_3199,0.7058819878980086
2022_3160_3208,0.3166160795081884
2022_3160_3210,0.4319028653028248
2022_3160_3211,0.424831805189798
2022_3160_3218,1.0
2022_3160_3224,1.0
2022_3160_3229,1.0
2022_3160_3230,1.0
2022_3160_3231,0.21400000000000002
2022_3160_3234,0.23942607492426488
2022_3160_3235,0.21400000000000002
2022_3160_3237,1.0
2022_3160_3238,1.0
2022_3160_3242,0.6090710887867297
2022_3160_3243,0.4362126140815928
2022_3160_3246,0.25724718006246877
2022_3160_3255,1.0
2022_3160_3257,0.0
2022_3160_3261,0.21400000000000002
2022_3160_3268,0.21400000000000002
2022_3160_3269,1.0
2022_3160_3273,1.0
2022_3160_3274,0.49464320789168764
2022_3160_3276,0.21511193357993447
2022_3160_3279,0.3314927095533692
2022_3160_3283,0.6192398634739023
2022_3160_3286,1.0
2022_3160_3291,1.0
2022_3160_3301,0.0
2022_3160_3304,0.2632548825451524
2022_3160_3314,0.21400000000000002
2022_3160_3323,0.24651670935607156
2022_3160_3326,0.22556693539628675
2022_3160_3328,0.3544490765310969
2022_3160_3332,0.21400000000000002
2022_3160_3343,0.29457175093251
2022_3160_3372,1.0
2022_3160_3376,0.0
2022_3160_3377,0.3871059019531969
2022_3160_3378,0.4460258022230086
2022_3160_3390,0.0
2022_3160_3397,0.2917872915060588
2022_3160_3400,0.21400000000000002
2022_3160_3416,0.3124911246276965
2022_3160_3424,1.0
2022_3160_3426,1.0
2022_3160_3428,0.2874366921165853
2022_3160_3437,0.4937004751889404
2022_3160_3439,0.2713120328927108
2022_3160_3450,0.4990615889538373
2022_3163_3166,1.0
2022_3163_3173,1.0
2022_3163_3174,1.0
2022_3163_3177,1.0
2022_3163_3193,1.0
2022_3163_3195,1.0
2022_3163_3196,1.0
2022_3163_3199,1.0
2022_3163_3208,1.0
2022_3163_3210,1.0
2022_3163_3211,1.0
2022_3163_3218,1.0
2022_3163_3224,1.0
2022_3163_3229,1.0
2022_3163_3230,1.0
2022_3163_3231,0.7644182255074204
2022_3163_3234,0.786
2022_3163_3235,0.7829823098918933
2022_3163_3237,1.0
2022_3163_3238,1.0
2022_3163_3242,1.0
2022_3163_3243,1.0
2022_3163_3246,1.0
2022_3163_3255,1.0
2022_3163_3257,0.6548766199361858
2022_3163_3261,0.756593767621551
2022_3163_3268,0.7531504272247155
2022_3163_3269,1.0
2022_3163_3273,1.0
2022_3163_3274,1.0
2022_3163_3276,0.786
2022_3163_3279,1.0
2022_3163_3283,1.0
2022_3163_3286,1.0
2022_3163_3291,1.0
2022_3163_3301,0.4011138973778253
2022_3163_3304,1.0
2022_3163_3314,1.0
2022_3163_3323,1.0
2022_3163_3326,1.0
2022_3163_3328,0.786
2022_3163_3332,1.0
2022_3163_3343,1.0
2022_3163_3372,1.0
2022_3163_3376,0.38440192332530376
2022_3163_3377,1.0
2022_3163_3378,1.0
2022_3163_3390,0.3954717597186939
2022_3163_3397,0.786
2022_3163_3400,0.6571652807826825
2022_3163_3416,1.0
2022_3163_3424,1.0
2022_3163_3426,1.0
2022_3163_3428,1.0
2022_3163_3437,1.0
2022_3163_3439,1.0
2022_3163_3450,1.0
2022_3166_3173,0.7440441386415027
2022_3166_3174,0.774282400677688
2022_3166_3177,0.7019227293332706
2022_3166_3193,0.786
2022_3166_3195,0.7214754426856416
2022_3166_3196,0.7270597104966396
2022_3166_3199,0.786
2022_3166_3208,0.5484610365759872
2022_3166_3210,0.5643984305619381
2022_3166_3211,0.5498818067544213
2022_3166_3218,0.786
2022_3166_3224,0.786
2022_3166_3229,0.786
2022_3166_3230,0.786
2022_3166_3231,0.34657987090913583
2022_3166_3234,0.4589256428077886
2022_3166_3235,0.4046374725208134
2022_3166_3237,0.786
2022_3166_3238,0.786
2022_3166_3242,0.0
2022_3166_3243,0.5608601516082174
2022_3166_3246,0.49283581441172686
2022_3166_3255,0.786
2022_3166_3257,0.0
2022_3166_3261,0.38401840614280935
2022_3166_3268,0.3592477149973223
2022_3166_3269,0.6168692652009629
2022_3166_3273,0.786
2022_3166_3274,0.0
2022_3166_3276,0.445320972809658
2022_3166_3279,0.5553269838423639
2022_3166_3283,0.782002042642436
2022_3166_3286,0.786
2022_3166_3291,0.786
2022_3166_3301,0.0
2022_3166_3304,0.0
2022_3166_3314,0.31545820384195106
2022_3166_3323,0.4623965642188429
2022_3166_3326,0.3799593758202867
2022_3166_3328,0.5545539777736874
2022_3166_3332,0.3704186656508586
2022_3166_3343,0.5244823844034364
2022_3166_3372,0.786
2022_3166_3376,0.0
2022_3166_3377,0.5446796910235762
2022_3166_3378,0.6335777114946796
2022_3166_3390,0.0
2022_3166_3397,0.49155687674960635
2022_3166_3400,0.24727078357215135
2022_3166_3416,0.5316074557012628
2022_3166_3424,0.786
2022_3166_3426,0.786
2022_3166_3428,0.4950986392348339
2022_3166_3437,0.6733318281693748
2022_3166_3439,0.4855002661313561
2022_3166_3450,0.0
2022_3173_3174,0.5366316568084495
2022_3173_3177,0.36524081792274504
2022_3173_3193,0.6821979398087629
2022_3173_3195,0.4676494929831659
2022_3173_3196,0.3710805396720047
2022_3173_3199,0.549692295982767
2022_3173_3208,0.27884523974165587
2022_3173_3210,0.32151048397225074
2022_3173_3211,0.26644827344926203
2022_3173_3218,0.786
2022_3173_3224,0.786
2022_3173_3229,0.786
2022_3173_3230,0.786
2022_3173_3231,0.21400000000000002
2022_3173_3234,0.0
2022_3173_3235,0.21400000000000002
2022_3173_3237,0.58961483221363
2022_3173_3238,0.6902259475799267
2022_3173_3242,0.0
2022_3173_3243,0.3183181576144901
2022_3173_3246,0.2397398856066372
2022_3173_3255,0.786
2022_3173_3257,0.0
2022_3173_3261,0.21400000000000002
2022_3173_3268,0.21400000000000002
2022_3173_3269,0.3329822767902813
2022_3173_3273,0.786
2022_3173_3274,0.0
2022_3173_3276,0.21400000000000002
2022_3173_3279,0.2511438953322644
2022_3173_3283,0.4940702086437578
2022_3173_3286,0.786
2022_3173_3291,0.786
2022_3173_3301,0.0
2022_3173_3304,0.0
2022_3173_3314,0.21400000000000002
2022_3173_3323,0.21400000000000002
2022_3173_3326,0.21400000000000002
2022_3173_3328,0.2768120739644962
2022_3173_3332,0.21400000000000002
2022_3173_3343,0.2178179467076899
2022_3173_3372,0.5971383167556652
2022_3173_3376,0.0
2022_3173_3377,0.24805807476446212
2022_3173_3378,0.37725495846401946
2022_3173_3390,0.0
2022_3173_3397,0.23262741130788922
2022_3173_3400,0.0
2022_3173_3416,0.21400000000000002
2022_3173_3424,0.6013790115640303
2022_3173_3426,0.6743834732950938
2022_3173_3428,0.21720124709231073
2022_3173_3437,0.3488030271175583
2022_3173_3439,0.21400000000000002
2022_3173_3450,0.0
2022_3174_3177,0.25753173943641683
2022_3174_3193,0.6157394408936356
2022_3174_3195,0.2756677775634103
2022_3174_3196,0.35622142518280986
2022_3174_3199,0.42813724488608845
2022_3174_3208,0.0
2022_3174_3210,0.2681431211434721
2022_3174_3211,0.22151827415600556
2022_3174_3218,0.786
2022_3174_3224,0.786
2022_3174_3229,0.7765855471417241
2022_3174_3230,0.786
2022_3174_3231,0.0
2022_3174_3234,0.0
2022_3174_3235,0.0
2022_3174_3237,0.4932031652435759
2022_3174_3238,0.6331210745478633
2022_3174_3242,0.0
2022_3174_3243,0.2747929201823157
2022_3174_3246,0.0
2022_3174_3255,0.786
2022_3174_3257,0.0
2022_3174_3261,0.0
2022_3174_3268,0.21400000000000002
2022_3174_3269,0.2168906991497928
2022_3174_3273,0.786
2022_3174_3274,0.0
2022_3174_3276,0.0
2022_3174_3279,0.0
2022_3174_3283,0.39286241542565997
2022_3174_3286,0.7623598065658891
2022_3174_3291,0.786
2022_3174_3301,0.0
2022_3174_3304,0.0
2022_3174_3314,0.0
2022_3174_3323,0.0
2022_3174_3326,0.0
2022_3174_3328,0.2243909211734258
2022_3174_3332,0.0
2022_3174_3343,0.21400000000000002
2022_3174_3372,0.38019017930443394
2022_3174_3376,0.0
2022_3174_3377,0.21849376777688664
2022_3174_3378,0.31483363096018085
2022_3174_3390,0.0
2022_3174_3397,0.21400000000000002
2022_3174_3400,0.0
2022_3174_3416,0.0
2022_3174_3424,0.5165457533283128
2022_3174_3426,0.6526903619615493
2022_3174_3428,0.0
2022_3174_3437,0.27627403586973703
2022_3174_3439,0.0
2022_3174_3450,0.0
2022_3177_3193,0.7820442511435836
2022_3177_3195,0.6343631345243601
2022_3177_3196,0.45456473454549107
2022_3177_3199,0.6762266797843197
2022_3177_3208,0.3503771846081039
2022_3177_3210,0.4019106862670032
2022_3177_3211,0.372604717532503
2022_3177_3218,0.786
2022_3177_3224,0.786
2022_3177_3229,0.786
2022_3177_3230,0.786
2022_3177_3231,0.21400000000000002
2022_3177_3234,0.0
2022_3177_3235,0.2341732685519629
2022_3177_3237,0.7206901005753622
2022_3177_3238,0.786
2022_3177_3242,0.0
2022_3177_3243,0.39610423672703127
2022_3177_3246,0.29618702458785195
2022_3177_3255,0.786
2022_3177_3257,0.0
2022_3177_3261,0.22542631060740992
2022_3177_3268,0.2194552825072414
2022_3177_3269,0.519072969786583
2022_3177_3273,0.786
2022_3177_3274,0.0
2022_3177_3276,0.25869343473412065
2022_3177_3279,0.33837340990982245
2022_3177_3283,0.6077451686613194
2022_3177_3286,0.786
2022_3177_3291,0.786
2022_3177_3301,0.0
2022_3177_3304,0.0
2022_3177_3314,0.21400000000000002
2022_3177_3323,0.26916601163562814
2022_3177_3326,0.23609099010963502
2022_3177_3328,0.34042929248365583
2022_3177_3332,0.21400000000000002
2022_3177_3343,0.33797404818726384
2022_3177_3372,0.7305402805868257
2022_3177_3376,0.0
2022_3177_3377,0.3409689805247832
2022_3177_3378,0.4599930199094988
2022_3177_3390,0.0
2022_3177_3397,0.27588909031368425
2022_3177_3400,0.0
2022_3177_3416,0.2749711035681631
2022_3177_3424,0.7461647748083894
2022_3177_3426,0.7791859009224573
2022_3177_3428,0.2794437240349244
2022_3177_3437,0.4712747856470895
2022_3177_3439,0.29044940475200237
2022_3177_3450,0.0
2022_3193_3195,0.2140752129435645
2022_3193_3196,0.21875083521127875
2022_3193_3199,0.2569254160242652
2022_3193_3208,0.0
2022_3193_3210,0.21400000000000002
2022_3193_3211,0.21400000000000002
2022_3193_3218,0.6730102062817341
2022_3193_3224,0.7773071614940548
2022_3193_3229,0.6139737785480973
2022_3193_3230,0.786
2022_3193_3231,0.0
2022_3193_3234,0.0
2022_3193_3235,0.0
2022_3193_3237,0.3265857652050212
2022_3193_3238,0.3333542031928059
2022_3193_3242,0.0
2022_3193_3243,0.21400000000000002
2022_3193_3246,0.0
2022_3193_3255,0.7816466754207781
2022_3193_3257,0.0
2022_3193_3261,0.0
2022_3193_3268,0.0
2022_3193_3269,0.21400000000000002
2022_3193_3273,0.685779281075346
2022_3193_3274,0.0
2022_3193_3276,0.0
2022_3193_3279,0.0
2022_3193_3283,0.2510775680912857
2022_3193_3286,0.6440385986330861
2022_3193_3291,0.786
2022_3193_3301,0.0
2022_3193_3304,0.0
2022_3193_3314,0.0
2022_3193_3323,0.0
2022_3193_3326,0.0
2022_3193_3328,0.0
2022_3193_3332,0.0
2022_3193_3343,0.21400000000000002
2022_3193_3372,0.33168604101921406
2022_3193_3376,0.0
2022_3193_3377,0.21400000000000002
2022_3193_3378,0.21400000000000002
2022_3193_3390,0.0
2022_3193_3397,0.0
2022_3193_3400,0.0
2022_3193_3416,0.0
2022_3193_3424,0.3302116690296188
2022_3193_3426,0.39685812842009555
2022_3193_3428,0.0
2022_3193_3437,0.21400000000000002
2022_3193_3439,0.0
2022_3193_3450,0.0
2022_3195_3196,0.4168733892269052
2022_3195_3199,0.5243027451145343
2022_3195_3208,0.0
2022_3195_3210,0.3855227854362838
2022_3195_3211,0.32730630718124737
2022_3195_3218,0.786
2022_3195_3224,0.786
2022_3195_3229,0.786
2022_3195_3230,0.786
2022_3195_3231,0.0
2022_3195_3234,0.0
2022_3195_3235,0.0
2022_3195_3237,0.6670445314874509
2022_3195_3238,0.7416686596405411
2022_3195_3242,0.0
2022_3195_3243,0.3876727752661949
2022_3195_3246,0.0
2022_3195_3255,0.786
2022_3195_3257,0.0
2022_3195_3261,0.0
2022_3195_3268,0.21400000000000002
2022_3195_3269,0.33551008385082726
2022_3195_3273,0.786
2022_3195_3274,0.0
2022_3195_3276,0.0
2022_3195_3279,0.0
2022_3195_3283,0.46796529007228943
2022_3195_3286,0.786
2022_3195_3291,0.786
2022_3195_3301,0.0
2022_3195_3304,0.0
2022_3195_3314,0.21400000000000002
2022_3195_3323,0.248710384875579
2022_3195_3326,0.0
2022_3195_3328,0.3179185588377804
2022_3195_3332,0.21400000000000002
2022_3195_3343,0.21414050890130265
2022_3195_3372,0.6076514352335212
2022_3195_3376,0.0
2022_3195_3377,0.29743050294973183
2022_3195_3378,0.43239666016623585
2022_3195_3390,0.0
2022_3195_3397,0.263472377958334
2022_3195_3400,0.0
2022_3195_3416,0.0
2022_3195_3424,0.6867701247001001
2022_3195_3426,0.7419646248937158
2022_3195_3428,0.0
2022_3195_3437,0.33677007795284686
2022_3195_3439,0.27303077626703753
2022_3195_3450,0.0
2022_3196_3199,0.6936702857932927
2022_3196_3208,0.33377460992592545
2022_3196_3210,0.4065086967384707
2022_3196_3211,0.36831368441568724
2022_3196_3218,0.786
2022_3196_3224,0.786
2022_3196_3229,0.786
2022_3196_3230,0.786
2022_3196_3231,0.21400000000000002
2022_3196_3234,0.24072179640401545
2022_3196_3235,0.21400000000000002
2022_3196_3237,0.6786075360071859
2022_3196_3238,0.7822573864147284
2022_3196_3242,0.0
2022_3196_3243,0.38968515737064563
2022_3196_3246,0.2830499199112727
2022_3196_3255,0.786
2022_3196_3257,0.0
2022_3196_3261,0.21400000000000002
2022_3196_3268,0.21400000000000002
2022_3196_3269,0.415425678616006
2022_3196_3273,0.786
2022_3196_3274,0.0
2022_3196_3276,0.22520059173188184
2022_3196_3279,0.3394019385142827
2022_3196_3283,0.6267659020869074
2022_3196_3286,0.786
2022_3196_3291,0.786
2022_3196_3301,0.0
2022_3196_3304,0.0
2022_3196_3314,0.21400000000000002
2022_3196_3323,0.27041228938425227
2022_3196_3326,0.2517576259764806
2022_3196_3328,0.3379506940870977
2022_3196_3332,0.21400000000000002
2022_3196_3343,0.30758016316953435
2022_3196_3372,0.6818365951031065
2022_3196_3376,0.0
2022_3196_3377,0.3885004842125944
2022_3196_3378,0.4014388438865503
2022_3196_3390,0.0
2022_3196_3397,0.24173345219069226
2022_3196_3400,0.21400000000000002
2022_3196_3416,0.29276568676915526
2022_3196_3424,0.6609548549689533
2022_3196_3426,0.7703714969228117
2022_3196_3428,0.2977088283490624
2022_3196_3437,0.4961944406169028
2022_3196_3439,0.28416480853065595
2022_3196_3450,0.0
2022_3199_3208,0.21400000000000002
2022_3199_3210,0.21400000000000002
2022_3199_3211,0.21400000000000002
2022_3199_3218,0.786
2022_3199_3224,0.786
2022_3199_3229,0.786
2022_3199_3230,0.786
2022_3199_3231,0.21400000000000002
2022_3199_3234,0.0
2022_3199_3235,0.21400000000000002
2022_3199_3237,0.5460808344530065
2022_3199_3238,0.6135711135454364
2022_3199_3242,0.0
2022_3199_3243,0.21400000000000002
2022_3199_3246,0.21400000000000002
2022_3199_3255,0.786
2022_3199_3257,0.0
2022_3199_3261,0.21400000000000002
2022_3199_3268,0.21400000000000002
2022_3199_3269,0.2848250455954124
2022_3199_3273,0.786
2022_3199_3274,0.0
2022_3199_3276,0.21400000000000002
2022_3199_3279,0.21400000000000002
2022_3199_3283,0.38616193174629243
2022_3199_3286,0.7565218690782824
2022_3199_3291,0.786
2022_3199_3301,0.0
2022_3199_3304,0.0
2022_3199_3314,0.21400000000000002
2022_3199_3323,0.21400000000000002
2022_3199_3326,0.21400000000000002
2022_3199_3328,0.21400000000000002
2022_3199_3332,0.21400000000000002
2022_3199_3343,0.21400000000000002
2022_3199_3372,0.5076710478470736
2022_3199_3376,0.0
2022_3199_3377,0.21400000000000002
2022_3199_3378,0.21400000000000002
2022_3199_3390,0.0
2022_3199_3397,0.21400000000000002
2022_3199_3400,0.0
2022_3199_3416,0.21400000000000002
2022_3199_3424,0.515994899204282
2022_3199_3426,0.6093857787469129
2022_3199_3428,0.21400000000000002
2022_3199_3437,0.2650379704533452
2022_3199_3439,0.21400000000000002
2022_3199_3450,0.0
2022_3208_3210,0.5588882326571762
2022_3208_3211,0.5524207059769997
2022_3208_3218,1.0
2022_3208_3224,1.0
2022_3208_3229,1.0
2022_3208_3230,1.0
2022_3208_3231,0.24982246549374693
2022_3208_3234,0.32385816742014883
2022_3208_3235,0.28333142702326836
2022_3208_3237,1.0
2022_3208_3238,1.0
2022_3208_3242,0.7377616436307098
2022_3208_3243,0.5556310965365596
2022_3208_3246,0.44150928245354387
2022_3208_3255,1.0
2022_3208_3257,0.0
2022_3208_3261,0.27403513649419253
2022_3208_3268,0.24640182272353792
2022_3208_3269,1.0
2022_3208_3273,1.0
2022_3208_3274,0.6349130324479217
2022_3208_3276,0.3601019929064006
2022_3208_3279,0.5014003990562121
2022_3208_3283,0.7324136350488777
2022_3208_3286,1.0
2022_3208_3291,1.0
2022_3208_3301,0.0
2022_3208_3304,0.367475774415166
2022_3208_3314,0.2613138215298954
2022_3208_3323,0.3535180833595333
2022_3208_3326,0.38481071458847177
2022_3208_3328,0.49883373865750064
2022_3208_3332,0.23909958680148477
2022_3208_3343,0.42509263414472304
2022_3208_3372,1.0
2022_3208_3376,0.0
2022_3208_3377,0.5546955006310986
2022_3208_3378,0.5636252684907359
2022_3208_3390,0.0
2022_3208_3397,0.4050592769934447
2022_3208_3400,0.21400000000000002
2022_3208_3416,0.5235372685142415
2022_3208_3424,1.0
2022_3208_3426,1.0
2022_3208_3428,0.45244021477941193
2022_3208_3437,0.6050919253685538
2022_3208_3439,0.3600927393904378
2022_3208_3450,0.6274165959438333
2022_3210_3211,0.44747964180546285
2022_3210_3218,0.786
2022_3210_3224,0.786
2022_3210_3229,0.786
2022_3210_3230,0.786
2022_3210_3231,0.21400000000000002
2022_3210_3234,0.27589197120717956
2022_3210_3235,0.21400000000000002
2022_3210_3237,0.7420110472073271
2022_3210_3238,0.786
2022_3210_3242,0.5662418333347927
2022_3210_3243,0.4471787012000215
2022_3210_3246,0.3278915653834529
2022_3210_3255,0.786
2022_3210_3257,0.0
2022_3210_3261,0.21400000000000002
2022_3210_3268,0.21400000000000002
2022_3210_3269,0.44007575943021243
2022_3210_3273,0.786
2022_3210_3274,0.4582792259132919
2022_3210_3276,0.24563641317351861
2022_3210_3279,0.3637530558600693
2022_3210_3283,0.6443888301916153
2022_3210_3286,0.786
2022_3210_3291,0.786
2022_3210_3301,0.0
2022_3210_3304,0.22288803228225024
2022_3210_3314,0.21400000000000002
2022_3210_3323,0.27462199059701636
2022_3210_3326,0.2683236047234415
2022_3210_3328,0.3917275138275852
2022_3210_3332,0.21468577159255195
2022_3210_3343,0.32694648734413356
2022_3210_3372,0.6986281761917361
2022_3210_3376,0.0
2022_3210_3377,0.44312996979061336
2022_3210_3378,0.4924539718593975
2022_3210_3390,0.0
2022_3210_3397,0.3181754952042778
2022_3210_3400,0.21400000000000002
2022_3210_3416,0.31617337825628644
2022_3210_3424,0.7268097329284287
2022_3210_3426,0.7763032491059393
2022_3210_3428,0.3071428249955126
2022_3210_3437,0.4998604575818438
2022_3210_3439,0.3036355021426002
2022_3210_3450,0.4564543801213873
2022_3211_3218,0.786
2022_3211_3224,0.786
2022_3211_3229,0.786
2022_3211_3230,0.786
2022_3211_3231,0.21494714802775702
2022_3211_3234,0.30767754377428447
2022_3211_3235,0.25008736908260654
2022_3211_3237,0.7292746861603566
2022_3211_3238,0.786
2022_3211_3242,0.5902503202457036
2022_3211_3243,0.459642821144458
2022_3211_3246,0.3572326148365924
2022_3211_3255,0.786
2022_3211_3257,0.0
2022_3211_3261,0.2245918053099431
2022_3211_3268,0.21914485219554916
2022_3211_3269,0.4276139964340726
2022_3211_3273,0.786
2022_3211_3274,0.4695024816985221
2022_3211_3276,0.26806657299538034
2022_3211_3279,0.3521921015387349
2022_3211_3283,0.6417450964001616
2022_3211_3286,0.786
2022_3211_3291,0.786
2022_3211_3301,0.0
2022_3211_3304,0.2236789726241469
2022_3211_3314,0.21441960584230357
2022_3211_3323,0.29632748901618333
2022_3211_3326,0.26253524729875516
2022_3211_3328,0.41247917803515144
2022_3211_3332,0.21577449733723753
2022_3211_3343,0.34180341115491786
2022_3211_3372,0.7057942712873857
2022_3211_3376,0.0
2022_3211_3377,0.438892062049345
2022_3211_3378,0.4945544539771983
2022_3211_3390,0.0
2022_3211_3397,0.3440490969145654
2022_3211_3400,0.21400000000000002
2022_3211_3416,0.34888701135372
2022_3211_3424,0.7331431491007704
2022_3211_3426,0.786
2022_3211_3428,0.30094286677282434
2022_3211_3437,0.5191778517543392
2022_3211_3439,0.31714239937756683
2022_3211_3450,0.46265967980223766
2022_3218_3224,0.5964441131864036
2022_3218_3229,0.35767428960232894
2022_3218_3230,0.6361269249670535
2022_3218_3231,0.0
2022_3218_3234,0.0
2022_3218_3235,0.0
2022_3218_3237,0.21400000000000002
2022_3218_3238,0.21400000000000002
2022_3218_3242,0.0
2022_3218_3243,0.21400000000000002
2022_3218_3246,0.0
2022_3218_3255,0.5692169728610652
2022_3218_3257,0.0
2022_3218_3261,0.0
2022_3218_3268,0.0
2022_3218_3269,0.21400000000000002
2022_3218_3273,0.4270209691733345
2022_3218_3274,0.0
2022_3218_3276,0.0
2022_3218_3279,0.0
2022_3218_3283,0.21400000000000002
2022_3218_3286,0.4183446906331433
2022_3218_3291,0.6576622507681356
2022_3218_3301,0.0
2022_3218_3304,0.0
2022_3218_3314,0.0
2022_3218_3323,0.0
2022_3218_3326,0.0
2022_3218_3328,0.0
2022_3218_3332,0.0
2022_3218_3343,0.21400000000000002
2022_3218_3372,0.21400000000000002
2022_3218_3376,0.0
2022_3218_3377,0.21400000000000002
2022_3218_3378,0.21400000000000002
2022_3218_3390,0.0
2022_3218_3397,0.0
2022_3218_3400,0.0
2022_3218_3416,0.0
2022_3218_3424,0.21400000000000002
2022_3218_3426,0.21400000000000002
2022_3218_3428,0.0
2022_3218_3437,0.21400000000000002
2022_3218_3439,0.0
2022_3218_3450,0.0
2022_3224_3229,0.21400000000000002
2022_3224_3230,0.4571648162166559
2022_3224_3231,0.0
2022_3224_3234,0.0
2022_3224_3235,0.0
2022_3224_3237,0.21400000000000002
2022_3224_3238,0.21400000000000002
2022_3224_3242,0.0
2022_3224_3243,0.21400000000000002
2022_3224_3246,0.0
2022_3224_3255,0.36657320849079755
2022_3224_3257,0.0
2022_3224_3261,0.0
2022_3224_3268,0.0
2022_3224_3269,0.21400000000000002
2022_3224_3273,0.2768059881563116
2022_3224_3274,0.0
2022_3224_3276,0.0
2022_3224_3279,0.0
2022_3224_3283,0.21400000000000002
2022_3224_3286,0.2839650782570172
2022_3224_3291,0.4729889733490708
2022_3224_3301,0.0
2022_3224_3304,0.0
2022_3224_3314,0.0
2022_3224_3323,0.0
2022_3224_3326,0.0
2022_3224_3328,0.0
2022_3224_3332,0.0
2022_3224_3343,0.21400000000000002
2022_3224_3372,0.21400000000000002
2022_3224_3376,0.0
2022_3224_3377,0.21400000000000002
2022_3224_3378,0.21400000000000002
2022_3224_3390,0.0
2022_3224_3397,0.0
2022_3224_3400,0.0
2022_3224_3416,0.0
2022_3224_3424,0.21400000000000002
2022_3224_3426,0.21400000000000002
2022_3224_3428,0.0
2022_3224_3437,0.21400000000000002
2022_3224_3439,0.0
2022_3224_3450,0.0
2022_3229_3230,0.6692671906395622
2022_3229_3231,0.0
2022_3229_3234,0.0
2022_3229_3235,0.0
2022_3229_3237,0.21400000000000002
2022_3229_3238,0.21400000000000002
2022_3229_3242,0.0
2022_3229_3243,0.21400000000000002
2022_3229_3246,0.0
2022_3229_3255,0.6101021449009147
2022_3229_3257,0.0
2022_3229_3261,0.0
2022_3229_3268,0.0
2022_3229_3269,0.21400000000000002
2022_3229_3273,0.4687969185331318
2022_3229_3274,0.0
2022_3229_3276,0.0
2022_3229_3279,0.0
2022_3229_3283,0.21400000000000002
2022_3229_3286,0.4628620392147659
2022_3229_3291,0.690756369577701
2022_3229_3301,0.0
2022_3229_3304,0.0
2022_3229_3314,0.0
2022_3229_3323,0.0
2022_3229_3326,0.0
2022_3229_3328,0.0
2022_3229_3332,0.0
2022_3229_3343,0.21400000000000002
2022_3229_3372,0.21400000000000002
2022_3229_3376,0.0
2022_3229_3377,0.21400000000000002
2022_3229_3378,0.21400000000000002
2022_3229_3390,0.0
2022_3229_3397,0.0
2022_3229_3400,0.0
2022_3229_3416,0.0
2022_3229_3424,0.21400000000000002
2022_3229_3426,0.21400000000000002
2022_3229_3428,0.0
2022_3229_3437,0.21400000000000002
2022_3229_3439,0.0
2022_3229_3450,0.0
2022_3230_3231,0.0
2022_3230_3234,0.0
2022_3230_3235,0.0
2022_3230_3237,0.21400000000000002
2022_3230_3238,0.21400000000000002
2022_3230_3242,0.0
2022_3230_3243,0.21400000000000002
2022_3230_3246,0.0
2022_3230_3255,0.38049524033277937
2022_3230_3257,0.0
2022_3230_3261,0.0
2022_3230_3268,0.0
2022_3230_3269,0.21400000000000002
2022_3230_3273,0.23469369154845682
2022_3230_3274,0.0
2022_3230_3276,0.0
2022_3230_3279,0.0
2022_3230_3283,0.21400000000000002
2022_3230_3286,0.24033353953231681
2022_3230_3291,0.4593646096189342
2022_3230_3301,0.0
2022_3230_3304,0.0
2022_3230_3314,0.0
2022_3230_3323,0.0
2022_3230_3326,0.0
2022_3230_3328,0.0
2022_3230_3332,0.0
2022_3230_3343,0.21400000000000002
2022_3230_3372,0.21400000000000002
2022_3230_3376,0.0
2022_3230_3377,0.21400000000000002
2022_3230_3378,0.21400000000000002
2022_3230_3390,0.0
2022_3230_3397,0.0
2022_3230_3400,0.0
2022_3230_3416,0.0
2022_3230_3424,0.21400000000000002
2022_3230_3426,0.21400000000000002
2022_3230_3428,0.0
2022_3230_3437,0.21400000000000002
2022_3230_3439,0.0
2022_3230_3450,0.0
2022_3231_3234,0.5207499125741719
2022_3231_3235,0.5118852977930064
2022_3231_3237,1.0
2022_3231_3238,1.0
2022_3231_3242,0.786
2022_3231_3243,0.7694619317057582
2022_3231_3246,0.7023646723152102
2022_3231_3255,1.0
2022_3231_3257,0.4241587741182782
2022_3231_3261,0.49834782770649244
2022_3231_3268,0.5640999600321516
2022_3231_3269,1.0
2022_3231_3273,1.0
2022_3231_3274,0.786
2022_3231_3276,0.5561991242336235
2022_3231_3279,0.7070509102494539
2022_3231_3283,0.786
2022_3231_3286,1.0
2022_3231_3291,1.0
2022_3231_3301,0.21400000000000002
2022_3231_3304,0.5662213108713049
2022_3231_3314,0.5127021898322455
2022_3231_3323,0.6266252421418903
2022_3231_3326,0.578097922819604
2022_3231_3328,0.7507223795856162
2022_3231_3332,0.5380809469949865
2022_3231_3343,0.5826722521222318
2022_3231_3372,1.0
2022_3231_3376,0.21400000000000002
2022_3231_3377,0.7017015284518372
2022_3231_3378,0.7845535718269208
2022_3231_3390,0.21400000000000002
2022_3231_3397,0.6745508013373206
2022_3231_3400,0.2972408157674574
2022_3231_3416,0.6601427955952628
2022_3231_3424,1.0
2022_3231_3426,1.0
2022_3231_3428,0.7077874506158317
2022_3231_3437,0.7756639198962763
2022_3231_3439,0.620221467997416
2022_3231_3450,0.786
2022_3234_3235,0.451136330996062
2022_3234_3237,1.0
2022_3234_3238,1.0
2022_3234_3242,0.7800612106381587
2022_3234_3243,0.664321795912244
2022_3234_3246,0.5866972284630719
2022_3234_3255,1.0
2022_3234_3257,0.27902270084259134
2022_3234_3261,0.4068336817302944
2022_3234_3268,0.4082437542886527
2022_3234_3269,1.0
2022_3234_3273,1.0
2022_3234_3274,0.7167269702637349
2022_3234_3276,0.4926161488406957
2022_3234_3279,0.5651857591660444
2022_3234_3283,1.0
2022_3234_3286,1.0
2022_3234_3291,1.0
2022_3234_3301,0.21400000000000002
2022_3234_3304,0.4222315705126041
2022_3234_3314,0.3567918686498234
2022_3234_3323,0.48045628454251493
2022_3234_3326,0.4216304940594465
2022_3234_3328,0.591717340018968
2022_3234_3332,0.4091473324734939
2022_3234_3343,1.0
2022_3234_3372,1.0
2022_3234_3376,0.21400000000000002
2022_3234_3377,0.5481518658038207
2022_3234_3378,0.6969737516808128
2022_3234_3390,0.21400000000000002
2022_3234_3397,0.565352531595648
2022_3234_3400,0.2371162328002264
2022_3234_3416,0.5548551277105588
2022_3234_3424,1.0
2022_3234_3426,1.0
2022_3234_3428,0.5523776278538483
2022_3234_3437,1.0
2022_3234_3439,0.49982710287141063
2022_3234_3450,0.7037449643674558
2022_3235_3237,1.0
2022_3235_3238,1.0
2022_3235_3242,0.786
2022_3235_3243,0.6973540903466434
2022_3235_3246,0.6174952844250988
2022_3235_3255,1.0
2022_3235_3257,0.33667737142630055
2022_3235_3261,0.39540931793961936
2022_3235_3268,0.46174102411829054
2022_3235_3269,1.0
2022_3235_3273,1.0
2022_3235_3274,0.766765710263879
2022_3235_3276,0.48698115697564237
2022_3235_3279,0.6176366223178034
2022_3235_3283,0.7608149391301812
2022_3235_3286,1.0
2022_3235_3291,1.0
2022_3235_3301,0.21400000000000002
2022_3235_3304,0.4513497099319097
2022_3235_3314,0.41027688999920303
2022_3235_3323,0.5235784589788794
2022_3235_3326,0.4448998620964358
2022_3235_3328,0.6716421364653289
2022_3235_3332,0.4529528193453164
2022_3235_3343,0.47511788653719716
2022_3235_3372,1.0
2022_3235_3376,0.21400000000000002
2022_3235_3377,0.5844048970491673
2022_3235_3378,0.7344374066106829
2022_3235_3390,0.21400000000000002
2022_3235_3397,0.627032727547912
2022_3235_3400,0.2242360675070611
2022_3235_3416,0.6118660670825264
2022_3235_3424,1.0
2022_3235_3426,1.0
2022_3235_3428,0.6258294012972049
2022_3235_3437,0.6897381759548021
2022_3235_3439,0.5298613291745383
2022_3235_3450,0.7594147369629596
2022_3237_3238,0.6773470185793904
2022_3237_3242,0.0
2022_3237_3243,0.2604130724240075
2022_3237_3246,0.0
2022_3237_3255,0.786
2022_3237_3257,0.0
2022_3237_3261,0.0
2022_3237_3268,0.21400000000000002
2022_3237_3269,0.22850107895477056
2022_3237_3273,0.786
2022_3237_3274,0.0
2022_3237_3276,0.0
2022_3237_3279,0.0
2022_3237_3283,0.40784093256164644
2022_3237_3286,0.7844173050551604
2022_3237_3291,0.786
2022_3237_3301,0.0
2022_3237_3304,0.0
2022_3237_3314,0.0
2022_3237_3323,0.0
2022_3237_3326,0.0
2022_3237_3328,0.25859018346008944
2022_3237_3332,0.0
2022_3237_3343,0.21400000000000002
2022_3237_3372,0.47270228880269444
2022_3237_3376,0.0
2022_3237_3377,0.221500465999155
2022_3237_3378,0.2647268944901181
2022_3237_3390,0.0
2022_3237_3397,0.21400000000000002
2022_3237_3400,0.0
2022_3237_3416,0.0
2022_3237_3424,0.5413015555328171
2022_3237_3426,0.6758351326295389
2022_3237_3428,0.0
2022_3237_3437,0.28766158340126546
2022_3237_3439,0.0
2022_3237_3450,0.0
2022_3238_3242,0.0
2022_3238_3243,0.21400000000000002
2022_3238_3246,0.0
2022_3238_3255,0.786
2022_3238_3257,0.0
2022_3238_3261,0.0
2022_3238_3268,0.0
2022_3238_3269,0.21400000000000002
2022_3238_3273,0.7796583492478257
2022_3238_3274,0.0
2022_3238_3276,0.0
2022_3238_3279,0.0
2022_3238_3283,0.22817286439734802
2022_3238_3286,0.6883662678860898
2022_3238_3291,0.786
2022_3238_3301,0.0
2022_3238_3304,0.0
2022_3238_3314,0.0
2022_3238_3323,0.0
2022_3238_3326,0.0
2022_3238_3328,0.0
2022_3238_3332,0.0
2022_3238_3343,0.21400000000000002
2022_3238_3372,0.24758211694729412
2022_3238_3376,0.0
2022_3238_3377,0.21400000000000002
2022_3238_3378,0.21400000000000002
2022_3238_3390,0.0
2022_3238_3397,0.0
2022_3238_3400,0.0
2022_3238_3416,0.0
2022_3238_3424,0.2827879877910129
2022_3238_3426,0.4738858606892939
2022_3238_3428,0.0
2022_3238_3437,0.21400000000000002
2022_3238_3439,0.0
2022_3238_3450,0.0
2022_3242_3243,0.4132395151629483
2022_3242_3246,0.23119196798105746
2022_3242_3255,1.0
2022_3242_3257,0.0
2022_3242_3261,0.21400000000000002
2022_3242_3268,0.21400000000000002
2022_3242_3269,1.0
2022_3242_3273,1.0
2022_3242_3274,0.400949183800439
2022_3242_3276,0.21400000000000002
2022_3242_3279,0.2638466905959513
2022_3242_3283,1.0
2022_3242_3286,1.0
2022_3242_3291,1.0
2022_3242_3301,0.0
2022_3242_3304,0.21400000000000002
2022_3242_3314,0.21400000000000002
2022_3242_3323,0.2318780821414496
2022_3242_3326,0.2145243056302733
2022_3242_3328,0.2747904994294491
2022_3242_3332,0.21400000000000002
2022_3242_3343,1.0
2022_3242_3372,1.0
2022_3242_3376,0.0
2022_3242_3377,1.0
2022_3242_3378,0.42166074681230803
2022_3242_3390,0.0
2022_3242_3397,0.21400000000000002
2022_3242_3400,0.21400000000000002
2022_3242_3416,0.21400000000000002
2022_3242_3424,1.0
2022_3242_3426,1.0
2022_3242_3428,0.22386322203142722
2022_3242_3437,1.0
2022_3242_3439,0.23479155198365526
2022_3242_3450,0.4143549122112732
2022_3243_3246,0.3312170952422082
2022_3243_3255,0.786
2022_3243_3257,0.0
2022_3243_3261,0.21400000000000002
2022_3243_3268,0.21400000000000002
2022_3243_3269,0.4592739725142646
2022_3243_3273,0.786
2022_3243_3274,0.4661775448416254
2022_3243_3276,0.24137526603251236
2022_3243_3279,0.3871532030607369
2022_3243_3283,0.6568229686027701
2022_3243_3286,0.786
2022_3243_3291,0.786
2022_3243_3301,0.0
2022_3243_3304,0.2301837084335152
2022_3243_3314,0.21400000000000002
2022_3243_3323,0.27760045376072007
2022_3243_3326,0.26445992873294016
2022_3243_3328,0.36528216251090834
2022_3243_3332,0.2152816367212834
2022_3243_3343,0.3417801853230799
2022_3243_3372,0.6848135367683501
2022_3243_3376,0.0
2022_3243_3377,0.4696014102432625
2022_3243_3378,0.5421433385751762
2022_3243_3390,0.0
2022_3243_3397,0.30773902044698415
2022_3243_3400,0.21400000000000002
2022_3243_3416,0.29746843402438794
2022_3243_3424,0.7270361981354246
2022_3243_3426,0.7779393174340601
2022_3243_3428,0.3349946798894061
2022_3243_3437,0.5192962871242064
2022_3243_3439,0.29639555245152616
2022_3243_3450,0.46884238885036106
2022_3246_3255,1.0
2022_3246_3257,0.0
2022_3246_3261,0.3412891856902017
2022_3246_3268,0.32324218367902985
2022_3246_3269,1.0
2022_3246_3273,1.0
2022_3246_3274,0.7041677742271173
2022_3246_3276,0.4115060830086331
2022_3246_3279,0.5923810780424343
2022_3246_3283,0.7689446132121891
2022_3246_3286,1.0
2022_3246_3291,1.0
2022_3246_3301,0.0
2022_3246_3304,0.4562522211238652
2022_3246_3314,0.2964282252789553
2022_3246_3323,0.41181026649426294
2022_3246_3326,0.44483834715964443
2022_3246_3328,0.5513427122723653
2022_3246_3332,0.31217173830458833
2022_3246_3343,0.49170001197743396
2022_3246_3372,1.0
2022_3246_3376,0.0
2022_3246_3377,0.6219749980300163
2022_3246_3378,0.6688543891193548
2022_3246_3390,0.0
2022_3246_3397,0.46210189729530277
2022_3246_3400,0.2145593138782113
2022_3246_3416,0.5791321835428155
2022_3246_3424,1.0
2022_3246_3426,1.0
2022_3246_3428,0.5579193138469122
2022_3246_3437,0.6675188539481358
2022_3246_3439,0.4160319146259795
2022_3246_3450,0.6990110132914693
2022_3255_3257,0.0
2022_3255_3261,0.0
2022_3255_3268,0.0
2022_3255_3269,0.21400000000000002
2022_3255_3273,0.305500611132483
2022_3255_3274,0.0
2022_3255_3276,0.0
2022_3255_3279,0.0
2022_3255_3283,0.21400000000000002
2022_3255_3286,0.30465259558470215
2022_3255_3291,0.5002416779579887
2022_3255_3301,0.0
2022_3255_3304,0.0
2022_3255_3314,0.0
2022_3255_3323,0.0
2022_3255_3326,0.0
2022_3255_3328,0.0
2022_3255_3332,0.0
2022_3255_3343,0.21400000000000002
2022_3255_3372,0.21400000000000002
2022_3255_3376,0.0
2022_3255_3377,0.21400000000000002
2022_3255_3378,0.21400000000000002
2022_3255_3390,0.0
2022_3255_3397,0.0
2022_3255_3400,0.0
2022_3255_3416,0.0
2022_3255_3424,0.21400000000000002
2022_3255_3426,0.21400000000000002
2022_3255_3428,0.0
2022_3255_3437,0.21400000000000002
2022_3255_3439,0.0
2022_3255_3450,0.0
2022_3257_3261,0.5849251766356202
2022_3257_3268,0.5683794916768995
2022_3257_3269,1.0
2022_3257_3273,1.0
2022_3257_3274,1.0
2022_3257_3276,0.6888467278567711
2022_3257_3279,1.0
2022_3257_3283,1.0
2022_3257_3286,1.0
2022_3257_3291,1.0
2022_3257_3301,0.2932691930622066
2022_3257_3304,1.0
2022_3257_3314,1.0
2022_3257_3323,1.0
2022_3257_3326,1.0
2022_3257_3328,0.7639268219622674
2022_3257_3332,1.0
2022_3257_3343,1.0
2022_3257_3372,1.0
2022_3257_3376,0.27758933474963643
2022_3257_3377,1.0
2022_3257_3378,1.0
2022_3257_3390,0.281049913888029
2022_3257_3397,0.7436832085954744
2022_3257_3400,0.48424198918753253
2022_3257_3416,1.0
2022_3257_3424,1.0
2022_3257_3426,1.0
2022_3257_3428,1.0
2022_3257_3437,1.0
2022_3257_3439,1.0
2022_3257_3450,1.0
2022_3261_3268,0.5250272741036893
2022_3261_3269,1.0
2022_3261_3273,1.0
2022_3261_3274,0.7843679155589449
2022_3261_3276,0.534415398227954
2022_3261_3279,0.664766178584778
2022_3261_3283,0.786
2022_3261_3286,1.0
2022_3261_3291,1.0
2022_3261_3301,0.21400000000000002
2022_3261_3304,0.5252835948759386
2022_3261_3314,0.4677533335485332
2022_3261_3323,0.5841059709713036
2022_3261_3326,0.528523357766281
2022_3261_3328,0.7213605314461209
2022_3261_3332,0.4933579874917635
2022_3261_3343,0.5407922121462578
2022_3261_3372,1.0
2022_3261_3376,0.21400000000000002
2022_3261_3377,0.6671590164696384
2022_3261_3378,0.7540757400771723
2022_3261_3390,0.21400000000000002
2022_3261_3397,0.6543505160577607
2022_3261_3400,0.28354951666932493
2022_3261_3416,0.6407545236403753
2022_3261_3424,1.0
2022_3261_3426,1.0
2022_3261_3428,0.6537228465425189
2022_3261_3437,0.7395098542967937
2022_3261_3439,0.5849269669291374
2022_3261_3450,0.7760100689049473
2022_3268_3269,0.6693914310727133
2022_3268_3273,1.0
2022_3268_3274,0.786
2022_3268_3276,0.5060911169669213
2022_3268_3279,0.664496516841182
2022_3268_3283,0.786
2022_3268_3286,1.0
2022_3268_3291,1.0
2022_3268_3301,0.21400000000000002
2022_3268_3304,0.5549097918607034
2022_3268_3314,0.5075001195656712
2022_3268_3323,0.6120724568185892
2022_3268_3326,0.5500788160218889
2022_3268_3328,0.6896001398321508
2022_3268_3332,0.5189196589720602
2022_3268_3343,0.6013818485659141
2022_3268_3372,0.786
2022_3268_3376,0.21400000000000002
2022_3268_3377,0.6762433083404622
2022_3268_3378,0.7678218989019967
2022_3268_3390,0.21400000000000002
2022_3268_3397,0.6198807986114355
2022_3268_3400,0.31808613282567844
2022_3268_3416,0.6769707466399492
2022_3268_3424,0.786
2022_3268_3426,1.0
2022_3268_3428,0.6408972769900915
2022_3268_3437,0.7634999024812635
2022_3268_3439,0.6266521201068291
2022_3268_3450,0.786
2022_3269_3273,0.786
2022_3269_3274,0.0
2022_3269_3276,0.0
2022_3269_3279,0.0
2022_3269_3283,0.5497838670943431
2022_3269_3286,0.786
2022_3269_3291,0.786
2022_3269_3301,0.0
2022_3269_3304,0.0
2022_3269_3314,0.21409153069713627
2022_3269_3323,0.32169410313169766
2022_3269_3326,0.0
2022_3269_3328,0.4531764882195645
2022_3269_3332,0.23814060469437762
2022_3269_3343,0.27809191025710067
2022_3269_3372,0.7151072477029994
2022_3269_3376,0.0
2022_3269_3377,0.36634027092320987
2022_3269_3378,0.5107687346976932
2022_3269_3390,0.0
2022_3269_3397,0.36661197887102814
2022_3269_3400,0.0
2022_3269_3416,0.0
2022_3269_3424,0.7516125137235669
2022_3269_3426,0.786
2022_3269_3428,0.0
2022_3269_3437,0.42304931023649506
2022_3269_3439,0.3317084641366772
2022_3269_3450,0.0
2022_3273_3274,0.0
2022_3273_3276,0.0
2022_3273_3279,0.0
2022_3273_3283,0.21400000000000002
2022_3273_3286,0.400936801289721
2022_3273_3291,0.6207615188275951
2022_3273_3301,0.0
2022_3273_3304,0.0
2022_3273_3314,0.0
2022_3273_3323,0.0
2022_3273_3326,0.0
2022_3273_3328,0.0
2022_3273_3332,0.0
2022_3273_3343,0.21400000000000002
2022_3273_3372,0.21400000000000002
2022_3273_3376,0.0
2022_3273_3377,0.21400000000000002
2022_3273_3378,0.21400000000000002
2022_3273_3390,0.0
2022_3273_3397,0.0
2022_3273_3400,0.0
2022_3273_3416,0.0
2022_3273_3424,0.21400000000000002
2022_3273_3426,0.21400000000000002
2022_3273_3428,0.0
2022_3273_3437,0.21400000000000002
2022_3273_3439,0.0
2022_3273_3450,0.0
2022_3274_3276,0.26629809605551125
2022_3274_3279,0.3399684743134929
2022_3274_3283,1.0
2022_3274_3286,1.0
2022_3274_3291,1.0
2022_3274_3301,0.0
2022_3274_3304,0.26729126754786103
2022_3274_3314,0.21833540229691
2022_3274_3323,0.31611622852658317
2022_3274_3326,0.2680924585269503
2022_3274_3328,0.3859018911200437
2022_3274_3332,0.22132440941176804
2022_3274_3343,1.0
2022_3274_3372,1.0
2022_3274_3376,0.0
2022_3274_3377,1.0
2022_3274_3378,0.5143824324594262
2022_3274_3390,0.0
2022_3274_3397,0.29457111510019096
2022_3274_3400,0.21400000000000002
2022_3274_3416,0.3134630601695331
2022_3274_3424,1.0
2022_3274_3426,1.0
2022_3274_3428,0.28337090064299375
2022_3274_3437,1.0
2022_3274_3439,0.33075630823529945
2022_3274_3450,0.5166279455018155
2022_3276_3279,0.6088701026435783
2022_3276_3283,0.786
2022_3276_3286,1.0
2022_3276_3291,1.0
2022_3276_3301,0.21400000000000002
2022_3276_3304,0.4729033046559919
2022_3276_3314,0.44043686638348
2022_3276_3323,0.5484152177710551
2022_3276_3326,0.5020579085501602
2022_3276_3328,0.6759465138028603
2022_3276_3332,0.42654034059706036
2022_3276_3343,0.4914650200167636
2022_3276_3372,1.0
2022_3276_3376,0.21400000000000002
2022_3276_3377,0.5964070492909437
2022_3276_3378,0.7006529656562751
2022_3276_3390,0.21400000000000002
2022_3276_3397,0.5934649650397064
2022_3276_3400,0.21541054241765592
2022_3276_3416,0.5829774591114039
2022_3276_3424,1.0
2022_3276_3426,1.0
2022_3276_3428,0.577897606000118
2022_3276_3437,0.7355289283630239
2022_3276_3439,0.5436106485511155
2022_3276_3450,0.7482880238089866
2022_3279_3283,0.7049927473501312
2022_3279_3286,1.0
2022_3279_3291,1.0
2022_3279_3301,0.0
2022_3279_3304,0.33527975378257163
2022_3279_3314,0.2245175242826445
2022_3279_3323,0.3334791952519373
2022_3279_3326,0.27052385017322556
2022_3279_3328,0.46326408112222167
2022_3279_3332,0.2462403815136513
2022_3279_3343,0.4081648969587386
2022_3279_3372,1.0
2022_3279_3376,0.0
2022_3279_3377,0.4968368010071367
2022_3279_3378,0.5765898829466278
2022_3279_3390,0.0
2022_3279_3397,0.4067933680796826
2022_3279_3400,0.21400000000000002
2022_3279_3416,0.4345004934945558
2022_3279_3424,1.0
2022_3279_3426,1.0
2022_3279_3428,0.3933313541733228
2022_3279_3437,0.5740730083277635
2022_3279_3439,0.3391679776944339
2022_3279_3450,0.6005695216349556
2022_3283_3286,0.786
2022_3283_3291,0.786
2022_3283_3301,0.0
2022_3283_3304,0.0
2022_3283_3314,0.21400000000000002
2022_3283_3323,0.21400000000000002
2022_3283_3326,0.21400000000000002
2022_3283_3328,0.2632268977595154
2022_3283_3332,0.21400000000000002
2022_3283_3343,0.21400000000000002
2022_3283_3372,0.5592920077382623
2022_3283_3376,0.0
2022_3283_3377,0.2440099972296675
2022_3283_3378,0.3731903633274077
2022_3283_3390,0.0
2022_3283_3397,0.21400000000000002
2022_3283_3400,0.0
2022_3283_3416,0.21400000000000002
2022_3283_3424,0.6170251353471079
2022_3283_3426,0.6839699728818303
2022_3283_3428,0.2172998372597768
2022_3283_3437,0.3527892460942334
2022_3283_3439,0.21436338419224304
2022_3283_3450,0.0
2022_3286_3291,0.6422202463156271
2022_3286_3301,0.0
2022_3286_3304,0.0
2022_3286_3314,0.0
2022_3286_3323,0.0
2022_3286_3326,0.0
2022_3286_3328,0.0
2022_3286_3332,0.0
2022_3286_3343,0.21400000000000002
2022_3286_3372,0.21400000000000002
2022_3286_3376,0.0
2022_3286_3377,0.21400000000000002
2022_3286_3378,0.21400000000000002
2022_3286_3390,0.0
2022_3286_3397,0.0
2022_3286_3400,0.0
2022_3286_3416,0.0
2022_3286_3424,0.21400000000000002
2022_3286_3426,0.23228313551531166
2022_3286_3428,0.0
2022_3286_3437,0.21400000000000002
2022_3286_3439,0.0
2022_3286_3450,0.0
2022_3291_3301,0.0
2022_3291_3304,0.0
2022_3291_3314,0.0
2022_3291_3323,0.0
2022_3291_3326,0.0
2022_3291_3328,0.0
2022_3291_3332,0.0
2022_3291_3343,0.21400000000000002
2022_3291_3372,0.21400000000000002
2022_3291_3376,0.0
2022_3291_3377,0.21400000000000002
2022_3291_3378,0.21400000000000002
2022_3291_3390,0.0
2022_3291_3397,0.0
2022_3291_3400,0.0
2022_3291_3416,0.0
2022_3291_3424,0.21400000000000002
2022_3291_3426,0.21400000000000002
2022_3291_3428,0.0
2022_3291_3437,0.21400000000000002
2022_3291_3439,0.0
2022_3291_3450,0.0
2022_3301_3304,1.0
2022_3301_3314,1.0
2022_3301_3323,1.0
2022_3301_3326,1.0
2022_3301_3328,0.786
2022_3301_3332,1.0
2022_3301_3343,1.0
2022_3301_3372,1.0
2022_3301_3376,0.44968565383850156
2022_3301_3377,1.0
2022_3301_3378,1.0
2022_3301_3390,0.46281426369829903
2022_3301_3397,0.786
2022_3301_3400,0.7050931562078235
2022_3301_3416,1.0
2022_3301_3424,1.0
2022_3301_3426,1.0
2022_3301_3428,1.0
2022_3301_3437,1.0
2022_3301_3439,1.0
2022_3301_3450,1.0
2022_3304_3314,0.33828944416742796
2022_3304_3323,0.4727029693578303
2022_3304_3326,0.3738884334139984
2022_3304_3328,0.5489804804336609
2022_3304_3332,0.38157223616151137
2022_3304_3343,1.0
2022_3304_3372,1.0
2022_3304_3376,0.0
2022_3304_3377,1.0
2022_3304_3378,0.7213658174687605
2022_3304_3390,0.0
2022_3304_3397,0.5012966990191107
2022_3304_3400,0.23397430707388783
2022_3304_3416,0.49137058485251855
2022_3304_3424,1.0
2022_3304_3426,1.0
2022_3304_3428,0.4732717236257525
2022_3304_3437,1.0
2022_3304_3439,0.4846404162931365
2022_3304_3450,0.6760560325106209
2022_3314_3323,0.5958077034562934
2022_3314_3326,0.6069570746184036
2022_3314_3328,0.6208891958810059
2022_3314_3332,0.48115382658138134
2022_3314_3343,0.5917528190169087
2022_3314_3372,0.786
2022_3314_3376,0.0
2022_3314_3377,0.7260164622642052
2022_3314_3378,0.786
2022_3314_3390,0.0
2022_3314_3397,0.5515832107138962
2022_3314_3400,0.33464144549032665
2022_3314_3416,0.6588775579235933
2022_3314_3424,1.0
2022_3314_3426,1.0
2022_3314_3428,0.6865925251143628
2022_3314_3437,0.7847679831551926
2022_3314_3439,0.6071389243530099
2022_3314_3450,0.786
2022_3323_3326,0.4636738103693959
2022_3323_3328,0.505971137961952
2022_3323_3332,0.3526150541260602
2022_3323_3343,0.4886064152086294
2022_3323_3372,0.786
2022_3323_3376,0.0
2022_3323_3377,0.5989483163725846
2022_3323_3378,0.6626241203755827
2022_3323_3390,0.0
2022_3323_3397,0.4476382249045144
2022_3323_3400,0.24123755302542663
2022_3323_3416,0.5426632875706403
2022_3323_3424,1.0
2022_3323_3426,1.0
2022_3323_3428,0.516050626821066
2022_3323_3437,0.6541772847207339
2022_3323_3439,0.473879216772645
2022_3323_3450,0.6535413286597771
2022_3326_3328,0.5463386947568649
2022_3326_3332,0.356243073014876
2022_3326_3343,0.5239647294594315
2022_3326_3372,1.0
2022_3326_3376,0.0
2022_3326_3377,0.6319086886958953
2022_3326_3378,0.7238630526104319
2022_3326_3390,0.0
2022_3326_3397,0.517006709577814
2022_3326_3400,0.2671041673196902
2022_3326_3416,0.620668707474235
2022_3326_3424,1.0
2022_3326_3426,1.0
2022_3326_3428,0.5997533634490818
2022_3326_3437,0.6645093288048459
2022_3326_3439,0.4723722602637618
2022_3326_3450,0.7019372988760825
2022_3328_3332,0.3458104614394865
2022_3328_3343,0.4147721857092357
2022_3328_3372,0.7547230586155713
2022_3328_3376,0.21400000000000002
2022_3328_3377,0.5268061879046576
2022_3328_3378,0.6064802959869695
2022_3328_3390,0.21400000000000002
2022_3328_3397,0.4242901597920925
2022_3328_3400,0.21400000000000002
2022_3328_3416,0.4547298186181397
2022_3328_3424,0.786
2022_3328_3426,1.0
2022_3328_3428,0.48376565080178724
2022_3328_3437,0.636798397057985
2022_3328_3439,0.4904856173083913
2022_3328_3450,0.6670219754875462
2022_3332_3343,0.5874638703466518
2022_3332_3372,0.786
2022_3332_3376,0.0
2022_3332_3377,0.6845817636024706
2022_3332_3378,0.7781659583839654
2022_3332_3390,0.0
2022_3332_3397,0.5655632893797835
2022_3332_3400,0.32203246544142056
2022_3332_3416,0.6763741392173466
2022_3332_3424,1.0
2022_3332_3426,1.0
2022_3332_3428,0.6432019118657075
2022_3332_3437,0.7487921619286084
2022_3332_3439,0.5694403730542392
2022_3332_3450,0.7809650471760997
2022_3343_3372,0.786
2022_3343_3376,0.0
2022_3343_3377,0.44050857136636495
2022_3343_3378,0.5785050271130441
2022_3343_3390,0.0
2022_3343_3397,0.4365891160605603
2022_3343_3400,0.0
2022_3343_3416,0.43129032009732204
2022_3343_3424,0.786
2022_3343_3426,0.786
2022_3343_3428,0.39281199563306746
2022_3343_3437,0.5614443367996935
2022_3343_3439,0.395000593137636
2022_3343_3450,0.0
2022_3372_3376,0.0
2022_3372_3377,0.22003531745604393
2022_3372_3378,0.2748976231864805
2022_3372_3390,0.0
2022_3372_3397,0.21400000000000002
2022_3372_3400,0.0
2022_3372_3416,0.0
2022_3372_3424,0.5973095654349676
2022_3372_3426,0.674564106703882
2022_3372_3428,0.0
2022_3372_3437,0.2783052144435298
2022_3372_3439,0.21540917256145198
2022_3372_3450,0.0
2022_3376_3377,1.0
2022_3376_3378,1.0
2022_3376_3390,0.44342443017502087
2022_3376_3397,0.786
2022_3376_3400,0.6930533617074207
2022_3376_3416,1.0
2022_3376_3424,1.0
2022_3376_3426,1.0
2022_3376_3428,1.0
2022_3376_3437,1.0
2022_3376_3439,1.0
2022_3376_3450,1.0
2022_3377_3378,0.46979567711512793
2022_3377_3390,0.0
2022_3377_3397,0.32931789181334853
2022_3377_3400,0.21400000000000002
2022_3377_3416,0.36489984224982497
2022_3377_3424,0.7435442828544268
2022_3377_3426,0.786
2022_3377_3428,0.3395631824891935
2022_3377_3437,0.5160364779085687
2022_3377_3439,0.32162043233356263
2022_3377_3450,0.0
2022_3378_3390,0.0
2022_3378_3397,0.259647577969309
2022_3378_3400,0.21400000000000002
2022_3378_3416,0.26767934220790623
2022_3378_3424,0.6511778833825448
2022_3378_3426,0.7249602289880398
2022_3378_3428,0.2503247102679954
2022_3378_3437,0.43837559546757393
2022_3378_3439,0.22994289456614
2022_3378_3450,0.39365581502521696
2022_3390_3397,0.786
2022_3390_3400,0.6646816880399692
2022_3390_3416,1.0
2022_3390_3424,1.0
2022_3390_3426,1.0
2022_3390_3428,1.0
2022_3390_3437,1.0
2022_3390_3439,1.0
2022_3390_3450,1.0
2022_3397_3400,0.21400000000000002
2022_3397_3416,0.4526181613638428
2022_3397_3424,0.7777441216135339
2022_3397_3426,1.0
2022_3397_3428,0.4444042835801557
2022_3397_3437,0.646937896714388
2022_3397_3439,0.4212202916024581
2022_3397_3450,0.6707580793444986
2022_3400_3416,0.7743915706033113
2022_3400_3424,1.0
2022_3400_3426,1.0
2022_3400_3428,0.7837837385661007
2022_3400_3437,1.0
2022_3400_3439,0.7352366283127553
2022_3400_3450,0.786
2022_3416_3424,1.0
2022_3416_3426,1.0
2022_3416_3428,0.4194817388741585
2022_3416_3437,0.6993135489369079
2022_3416_3439,0.3802836695288385
2022_3416_3450,0.6954406538266928
2022_3424_3426,0.5366062107331843
2022_3424_3428,0.0
2022_3424_3437,0.21400000000000002
2022_3424_3439,0.0
2022_3424_3450,0.0
2022_3426_3428,0.0
2022_3426_3437,0.21400000000000002
2022_3426_3439,0.0
2022_3426_3450,0.0
2022_3428_3437,0.6437880988072852
2022_3428_3439,0.3847573879345784
2022_3428_3450,0.6613057714039418
2022_3437_3439,0.2776110997912826
2022_3437_3450,0.0
2022_3439_3450,0.6467569105747629
